Date Of Sleep,Local Time Offset,Sleep Score,BedTime,Sleep Start Time,Wake Up Time,Get Up Time,Total In Bed Duration (hrs),Total Sleep Duration (hrs)
01/01/2021,-5,83.70572442,2021-01-01T05:38:13.000Z,2021-01-01T05:38:13.000Z,2021-01-01T12:41:13.000Z,2021-01-01T13:00:13.000Z,7.361,6.639
02/01/2021,-5,88.06961288,2021-01-02T03:18:27.000Z,2021-01-02T03:18:27.000Z,2021-01-02T12:34:27.000Z,2021-01-02T12:39:57.000Z,9.361,8.222
03/01/2021,-5,88.4456952,2021-01-03T04:15:52.000Z,2021-01-03T04:21:22.000Z,2021-01-03T12:09:52.000Z,2021-01-03T12:20:52.000Z,8.083,7.306
04/01/2021,-5,92.1701368,2021-01-04T02:48:34.000Z,2021-01-04T02:53:34.000Z,2021-01-04T11:55:04.000Z,2021-01-04T12:10:04.000Z,9.361,8.556
05/01/2021,-5,86.6228951,2021-01-05T03:48:14.000Z,2021-01-05T04:08:44.000Z,2021-01-05T11:28:14.000Z,2021-01-05T11:37:44.000Z,7.833,6.944
06/01/2021,-5,80.30241943,2021-01-06T03:39:31.000Z,2021-01-06T03:47:01.000Z,2021-01-06T10:14:01.000Z,2021-01-06T10:32:31.000Z,6.889,6.194
07/01/2021,-5,86.54464286,2021-01-07T04:31:12.000Z,2021-01-07T04:33:42.000Z,2021-01-07T11:38:42.000Z,2021-01-07T11:42:12.000Z,7.194,6.889
08/01/2021,-5,74.81740192,2021-01-08T04:24:28.000Z,2021-01-08T04:33:28.000Z,2021-01-08T11:52:58.000Z,2021-01-08T12:00:58.000Z,7.611,6.444
09/01/2021,-5,89.75555382,2021-01-09T03:50:14.000Z,2021-01-09T03:57:44.000Z,2021-01-09T11:28:14.000Z,2021-01-09T11:28:44.000Z,7.639,7.250
10/01/2021,-5,89.65634995,2021-01-10T03:53:13.000Z,2021-01-10T04:02:13.000Z,2021-01-10T12:46:13.000Z,2021-01-10T12:55:43.000Z,9.056,8.111
11/01/2021,-5,78.21068554,2021-01-11T03:21:16.000Z,2021-01-11T03:28:16.000Z,2021-01-11T10:25:46.000Z,2021-01-11T11:29:46.000Z,8.139,6.389
12/01/2021,-5,87.6318149,2021-01-12T03:27:16.000Z,2021-01-12T03:27:16.000Z,2021-01-12T11:08:16.000Z,2021-01-12T11:08:16.000Z,7.694,7.194
13/01/2021,-5,79.79511403,2021-01-13T03:33:53.000Z,2021-01-13T03:35:53.000Z,2021-01-13T11:04:53.000Z,2021-01-13T11:13:53.000Z,7.667,6.722
14/01/2021,-5,78.40317739,2021-01-14T03:26:52.000Z,2021-01-14T03:29:52.000Z,2021-01-14T11:45:22.000Z,2021-01-14T11:55:22.000Z,8.472,7.056
15/01/2021,-5,83.15780846,2021-01-15T03:19:20.000Z,2021-01-15T03:19:20.000Z,2021-01-15T11:15:20.000Z,2021-01-15T11:35:50.000Z,8.278,6.417
16/01/2021,-5,84.7304147,2021-01-16T03:19:07.000Z,2021-01-16T03:21:07.000Z,2021-01-16T12:18:37.000Z,2021-01-16T12:22:07.000Z,9.056,7.861
17/01/2021,-5,93.23485518,2021-01-17T03:32:59.000Z,2021-01-17T03:42:59.000Z,2021-01-17T12:23:29.000Z,2021-01-17T12:39:29.000Z,9.111,8.250
18/01/2021,-5,83.98126414,2021-01-18T03:10:14.000Z,2021-01-18T03:14:14.000Z,2021-01-18T11:03:44.000Z,2021-01-18T11:03:44.000Z,7.889,7.250
19/01/2021,-5,94.12738095,2021-01-19T02:10:56.000Z,2021-01-19T02:10:56.000Z,2021-01-19T10:57:56.000Z,2021-01-19T10:58:56.000Z,8.806,8.472
20/01/2021,-5,85.0596227,2021-01-20T02:53:18.000Z,2021-01-20T02:56:48.000Z,2021-01-20T10:48:48.000Z,2021-01-20T10:53:48.000Z,8.000,7.278
21/01/2021,-5,92.39047619,2021-01-21T02:37:30.000Z,2021-01-21T02:48:00.000Z,2021-01-21T10:45:30.000Z,2021-01-21T10:45:30.000Z,8.139,7.750
22/01/2021,-5,84.14186508,2021-01-22T03:47:04.000Z,2021-01-22T03:47:04.000Z,2021-01-22T10:45:04.000Z,2021-01-22T10:50:04.000Z,7.056,6.722
23/01/2021,-5,93.30204797,2021-01-23T03:24:00.000Z,2021-01-23T03:35:30.000Z,2021-01-23T11:35:00.000Z,2021-01-23T11:46:30.000Z,8.389,7.750
24/01/2021,-5,89.21486183,2021-01-24T03:14:47.000Z,2021-01-24T03:21:47.000Z,2021-01-24T11:48:17.000Z,2021-01-24T12:02:47.000Z,8.806,7.944
25/01/2021,-5,90.10539683,2021-01-25T03:05:30.000Z,2021-01-25T03:16:00.000Z,2021-01-25T11:25:30.000Z,2021-01-25T11:55:30.000Z,8.833,7.750
26/01/2021,-5,63.54774115,2021-01-26T03:40:51.000Z,2021-01-26T03:40:51.000Z,2021-01-26T10:30:21.000Z,2021-01-26T10:30:21.000Z,6.833,5.639
27/01/2021,-5,88.30880935,2021-01-27T03:31:47.000Z,2021-01-27T03:36:47.000Z,2021-01-27T11:20:17.000Z,2021-01-27T11:28:47.000Z,7.944,7.361
28/01/2021,-5,85.99436253,2021-01-28T03:28:47.000Z,2021-01-28T03:42:17.000Z,2021-01-28T10:44:47.000Z,2021-01-28T10:47:17.000Z,7.306,6.833
29/01/2021,-5,88.51322325,2021-01-29T03:47:40.000Z,2021-01-29T03:47:40.000Z,2021-01-29T12:03:40.000Z,2021-01-29T12:06:10.000Z,8.306,7.639
30/01/2021,-5,85.31488095,2021-01-30T04:39:49.000Z,2021-01-30T04:41:19.000Z,2021-01-30T11:42:19.000Z,2021-01-30T11:52:19.000Z,7.222,6.750
31/01/2021,-5,78.10358835,2021-01-31T03:10:18.000Z,2021-01-31T03:10:18.000Z,2021-01-31T10:12:18.000Z,2021-01-31T10:12:18.000Z,7.028,6.417
01/02/2021,-5,65.95964384,2021-02-01T02:45:36.000Z,2021-02-01T02:47:06.000Z,2021-02-01T08:50:06.000Z,2021-02-01T10:34:06.000Z,7.806,5.472
02/02/2021,-5,82.79774115,2021-02-02T03:20:41.000Z,2021-02-02T03:27:41.000Z,2021-02-02T11:08:41.000Z,2021-02-02T11:34:11.000Z,8.222,7.028
03/02/2021,-5,91.03547029,2021-02-03T02:16:06.000Z,2021-02-03T02:16:06.000Z,2021-02-03T11:00:36.000Z,2021-02-03T11:35:36.000Z,9.333,8.083
04/02/2021,-5,71.12479417,2021-02-04T03:17:03.000Z,2021-02-04T03:20:33.000Z,2021-02-04T11:18:33.000Z,2021-02-04T11:45:33.000Z,8.472,6.667
05/02/2021,-5,84.43914491,2021-02-05T03:12:47.000Z,2021-02-05T03:14:47.000Z,2021-02-05T10:57:47.000Z,2021-02-05T10:57:47.000Z,7.750,7.167
06/02/2021,-5,78.3587248,2021-02-06T03:39:15.000Z,2021-02-06T03:44:45.000Z,2021-02-06T11:03:15.000Z,2021-02-06T11:05:15.000Z,7.444,6.639
07/02/2021,-5,76.70264032,2021-02-07T04:09:17.000Z,2021-02-07T04:14:17.000Z,2021-02-07T12:07:47.000Z,2021-02-07T12:15:17.000Z,8.111,6.833
08/02/2021,-5,89.8281746,2021-02-08T03:07:37.000Z,2021-02-08T03:14:07.000Z,2021-02-08T10:40:07.000Z,2021-02-08T10:40:07.000Z,7.556,7.222
10/02/2021,-5,85.87843656,2021-02-10T02:14:15.000Z,2021-02-10T02:15:45.000Z,2021-02-10T10:44:45.000Z,2021-02-10T10:48:45.000Z,8.583,7.778
11/02/2021,-5,88.16230159,2021-02-11T02:56:44.000Z,2021-02-11T03:00:14.000Z,2021-02-11T10:22:44.000Z,2021-02-11T10:34:14.000Z,7.639,7.083
12/02/2021,-5,89.2477709,2021-02-12T02:44:36.000Z,2021-02-12T02:49:36.000Z,2021-02-12T10:37:36.000Z,2021-02-12T10:40:06.000Z,7.917,7.389
13/02/2021,-5,90.42936508,2021-02-13T03:20:30.000Z,2021-02-13T03:24:00.000Z,2021-02-13T11:02:30.000Z,2021-02-13T11:17:00.000Z,7.944,7.389
14/02/2021,-5,96.73199222,2021-02-14T02:44:16.000Z,2021-02-14T02:57:46.000Z,2021-02-14T11:33:16.000Z,2021-02-14T11:33:16.000Z,8.806,8.389
15/02/2021,-5,97.57839974,2021-02-15T01:48:39.000Z,2021-02-15T01:54:09.000Z,2021-02-15T11:29:09.000Z,2021-02-15T11:34:39.000Z,9.778,8.333
17/02/2021,-5,81.57303909,2021-02-17T02:42:18.000Z,2021-02-17T02:46:18.000Z,2021-02-17T11:40:48.000Z,2021-02-17T11:52:18.000Z,9.167,7.806
20/02/2021,-5,89.17865595,2021-02-20T03:14:35.000Z,2021-02-20T03:21:35.000Z,2021-02-20T11:27:35.000Z,2021-02-20T11:47:35.000Z,8.556,7.583
21/02/2021,-5,96.34437494,2021-02-21T02:49:00.000Z,2021-02-21T03:01:30.000Z,2021-02-21T11:48:30.000Z,2021-02-21T11:49:30.000Z,9.000,8.500
22/02/2021,-5,84.18048219,2021-02-22T03:26:40.000Z,2021-02-22T03:44:10.000Z,2021-02-22T10:50:10.000Z,2021-02-22T10:58:40.000Z,7.528,6.639
23/02/2021,-5,88.95786749,2021-02-23T02:54:18.000Z,2021-02-23T02:59:18.000Z,2021-02-23T10:34:18.000Z,2021-02-23T10:34:18.000Z,7.667,7.167
24/02/2021,-5,86.59444444,2021-02-24T03:18:41.000Z,2021-02-24T03:19:11.000Z,2021-02-24T10:53:41.000Z,2021-02-24T11:05:41.000Z,7.778,7.222
25/02/2021,-5,82.1185935,2021-02-25T02:56:31.000Z,2021-02-25T02:57:01.000Z,2021-02-25T10:44:01.000Z,2021-02-25T11:00:01.000Z,8.056,7.028
26/02/2021,-5,64.32656468,2021-02-26T03:34:12.000Z,2021-02-26T03:40:42.000Z,2021-02-26T10:52:42.000Z,2021-02-26T11:14:12.000Z,7.667,5.972
27/02/2021,-5,76.51321195,2021-02-27T04:29:18.000Z,2021-02-27T04:35:48.000Z,2021-02-27T10:34:48.000Z,2021-02-27T10:37:18.000Z,6.139,5.722
28/02/2021,-5,81.71781525,2021-02-28T05:21:26.000Z,2021-02-28T05:29:56.000Z,2021-02-28T13:52:56.000Z,2021-02-28T13:52:56.000Z,8.528,7.389
01/03/2021,-5,80.19956808,2021-03-01T04:07:03.000Z,2021-03-01T04:15:33.000Z,2021-03-01T11:02:33.000Z,2021-03-01T11:04:33.000Z,6.972,6.389
02/03/2021,-5,89.28611111,2021-03-02T03:07:45.000Z,2021-03-02T03:07:45.000Z,2021-03-02T10:50:15.000Z,2021-03-02T10:53:15.000Z,7.750,7.389
03/03/2021,-5,91.67420635,2021-03-03T02:53:59.000Z,2021-03-03T02:57:29.000Z,2021-03-03T10:47:29.000Z,2021-03-03T11:00:59.000Z,8.111,7.583
04/03/2021,-5,83.75449949,2021-03-04T03:44:33.000Z,2021-03-04T03:48:03.000Z,2021-03-04T10:58:33.000Z,2021-03-04T11:14:33.000Z,7.500,6.833
05/03/2021,-5,87.51468254,2021-03-05T03:01:00.000Z,2021-03-05T03:01:00.000Z,2021-03-05T10:27:00.000Z,2021-03-05T10:32:00.000Z,7.528,7.194
06/03/2021,-5,86.87103175,2021-03-06T03:14:00.000Z,2021-03-06T03:21:30.000Z,2021-03-06T12:19:30.000Z,2021-03-06T12:19:30.000Z,9.083,8.139
07/03/2021,-5,63.86797386,2021-03-07T03:01:48.000Z,2021-03-07T03:07:48.000Z,2021-03-07T11:31:18.000Z,2021-03-07T11:31:18.000Z,8.500,6.611
08/03/2021,-5,90.7373339,2021-03-08T03:08:58.000Z,2021-03-08T03:24:28.000Z,2021-03-08T11:07:58.000Z,2021-03-08T11:22:28.000Z,8.222,7.528
09/03/2021,-5,91.41376934,2021-03-09T02:53:00.000Z,2021-03-09T03:01:00.000Z,2021-03-09T10:58:00.000Z,2021-03-09T10:58:00.000Z,8.083,6.750
10/03/2021,-5,86.17063492,2021-03-10T03:27:25.000Z,2021-03-10T03:32:25.000Z,2021-03-10T10:46:25.000Z,2021-03-10T10:50:55.000Z,7.389,7.000
11/03/2021,-5,88.75376869,2021-03-11T02:38:34.000Z,2021-03-11T02:40:04.000Z,2021-03-11T11:17:34.000Z,2021-03-11T11:28:04.000Z,8.833,7.972
12/03/2021,-5,92.79047619,2021-03-12T02:53:23.000Z,2021-03-12T02:57:23.000Z,2021-03-12T11:09:53.000Z,2021-03-12T11:20:23.000Z,8.444,7.944
13/03/2021,-5,78.48605141,2021-03-13T02:30:27.000Z,2021-03-13T03:35:57.000Z,2021-03-13T11:55:27.000Z,2021-03-13T12:06:27.000Z,9.611,7.583
14/03/2021,-4,61.59111076,2021-03-14T04:06:25.000Z,2021-03-14T04:14:25.000Z,2021-03-14T10:44:55.000Z,2021-03-14T10:52:55.000Z,6.778,5.500
15/03/2021,-4,89.37941644,2021-03-15T02:38:23.000Z,2021-03-15T02:42:23.000Z,2021-03-15T10:37:23.000Z,2021-03-15T10:48:23.000Z,8.167,7.583
16/03/2021,-4,73.21637512,2021-03-16T01:56:48.000Z,2021-03-16T02:05:18.000Z,2021-03-16T10:31:18.000Z,2021-03-16T10:32:18.000Z,8.583,7.028
17/03/2021,-4,84.84154478,2021-03-17T02:14:03.000Z,2021-03-17T02:21:03.000Z,2021-03-17T10:43:33.000Z,2021-03-17T10:47:33.000Z,8.556,7.611
18/03/2021,-4,93.13492063,2021-03-18T02:42:35.000Z,2021-03-18T02:52:05.000Z,2021-03-18T10:52:35.000Z,2021-03-18T11:01:35.000Z,8.306,7.806
19/03/2021,-4,79.86685682,2021-03-19T02:28:32.000Z,2021-03-19T02:28:32.000Z,2021-03-19T10:05:02.000Z,2021-03-19T10:16:02.000Z,7.806,6.917
20/03/2021,-4,95.275,2021-03-20T01:50:28.000Z,2021-03-20T01:50:28.000Z,2021-03-20T10:30:28.000Z,2021-03-20T10:37:58.000Z,8.806,8.444
22/03/2021,-4,68.84087587,2021-03-22T02:32:06.000Z,2021-03-22T02:32:06.000Z,2021-03-22T10:38:36.000Z,2021-03-22T10:43:36.000Z,8.194,6.639
23/03/2021,-4,88.06031746,2021-03-23T02:30:21.000Z,2021-03-23T02:30:21.000Z,2021-03-23T09:46:51.000Z,2021-03-23T10:21:51.000Z,7.861,7.028
24/03/2021,-4,87.23015873,2021-03-24T03:02:11.000Z,2021-03-24T03:09:41.000Z,2021-03-24T10:16:11.000Z,2021-03-24T10:24:41.000Z,7.389,6.917
25/03/2021,-4,93.30634921,2021-03-25T02:45:37.000Z,2021-03-25T02:45:37.000Z,2021-03-25T10:50:37.000Z,2021-03-25T10:59:37.000Z,8.222,7.861
26/03/2021,-4,90.15406404,2021-03-26T02:28:19.000Z,2021-03-26T02:33:49.000Z,2021-03-26T10:55:49.000Z,2021-03-26T11:08:19.000Z,8.667,7.806
27/03/2021,-4,92.22777778,2021-03-27T01:40:31.000Z,2021-03-27T01:44:01.000Z,2021-03-27T10:00:01.000Z,2021-03-27T10:30:01.000Z,8.833,7.944
28/03/2021,-4,96.42777778,2021-03-28T00:54:40.000Z,2021-03-28T00:56:40.000Z,2021-03-28T10:19:40.000Z,2021-03-28T10:23:10.000Z,9.472,8.944
29/03/2021,-4,63.0468254,2021-03-29T02:57:53.000Z,2021-03-29T03:03:53.000Z,2021-03-29T12:15:53.000Z,2021-03-29T12:24:53.000Z,9.444,7.222
30/03/2021,-4,93.86932295,2021-03-30T01:04:23.000Z,2021-03-30T01:05:53.000Z,2021-03-30T10:22:53.000Z,2021-03-30T10:34:23.000Z,9.500,8.667
31/03/2021,-4,88.11476924,2021-03-31T01:27:55.000Z,2021-03-31T01:29:25.000Z,2021-03-31T10:39:25.000Z,2021-03-31T10:48:55.000Z,9.361,8.139
01/04/2021,-4,87.22784026,2021-04-01T02:39:13.000Z,2021-04-01T02:54:43.000Z,2021-04-01T10:11:43.000Z,2021-04-01T10:37:13.000Z,7.972,6.972
02/04/2021,-4,85.93340072,2021-04-02T02:49:07.000Z,2021-04-02T02:49:07.000Z,2021-04-02T10:19:37.000Z,2021-04-02T10:29:07.000Z,7.667,7.083
03/04/2021,-4,90.21431624,2021-04-03T02:49:20.000Z,2021-04-03T03:02:20.000Z,2021-04-03T10:47:20.000Z,2021-04-03T10:48:50.000Z,8.000,7.500
04/04/2021,-4,49.83061179,2021-04-04T07:20:28.000Z,2021-04-04T07:20:28.000Z,2021-04-04T11:27:28.000Z,2021-04-04T11:37:58.000Z,4.306,3.694
05/04/2021,-4,96.22222222,2021-04-05T01:10:01.000Z,2021-04-05T01:10:01.000Z,2021-04-05T10:34:31.000Z,2021-04-05T10:48:01.000Z,9.639,9.083
06/04/2021,-4,89.69166667,2021-04-06T02:29:07.000Z,2021-04-06T02:29:07.000Z,2021-04-06T10:19:37.000Z,2021-04-06T10:19:37.000Z,7.833,7.583
07/04/2021,-4,87.58673469,2021-04-07T02:38:22.000Z,2021-04-07T02:56:52.000Z,2021-04-07T10:48:22.000Z,2021-04-07T10:48:22.000Z,8.167,7.472
08/04/2021,-4,87.11230159,2021-04-08T02:02:29.000Z,2021-04-08T02:09:29.000Z,2021-04-08T10:26:29.000Z,2021-04-08T10:30:59.000Z,8.472,7.639
09/04/2021,-4,87.01633419,2021-04-09T02:39:54.000Z,2021-04-09T02:44:24.000Z,2021-04-09T10:22:24.000Z,2021-04-09T10:38:24.000Z,7.972,7.306
10/04/2021,-4,80.57902299,2021-04-10T01:55:17.000Z,2021-04-10T02:01:17.000Z,2021-04-10T10:37:17.000Z,2021-04-10T10:49:17.000Z,8.889,7.583
11/04/2021,-4,92.37439035,2021-04-11T01:40:49.000Z,2021-04-11T01:47:49.000Z,2021-04-11T12:07:19.000Z,2021-04-11T12:12:19.000Z,10.528,9.833
12/04/2021,-4,95.18373016,2021-04-12T01:34:43.000Z,2021-04-12T01:34:43.000Z,2021-04-12T10:24:13.000Z,2021-04-12T10:35:43.000Z,9.028,8.528
13/04/2021,-4,86.64772727,2021-04-13T01:27:58.000Z,2021-04-13T01:42:58.000Z,2021-04-13T10:26:58.000Z,2021-04-13T10:42:28.000Z,9.250,7.889
14/04/2021,-4,77.43642345,2021-04-14T02:06:41.000Z,2021-04-14T02:13:41.000Z,2021-04-14T09:55:11.000Z,2021-04-14T09:55:41.000Z,7.806,6.917
15/04/2021,-4,88.22222222,2021-04-15T02:24:15.000Z,2021-04-15T02:24:15.000Z,2021-04-15T10:14:45.000Z,2021-04-15T10:26:15.000Z,8.028,7.472
16/04/2021,-4,69.64048624,2021-04-16T01:03:14.000Z,2021-04-16T01:06:44.000Z,2021-04-16T10:55:44.000Z,2021-04-16T10:59:44.000Z,9.944,7.861
17/04/2021,-4,86.07875108,2021-04-17T02:22:04.000Z,2021-04-17T02:28:04.000Z,2021-04-17T09:51:34.000Z,2021-04-17T10:07:34.000Z,7.750,6.889
18/04/2021,-4,85.03896825,2021-04-18T02:28:16.000Z,2021-04-18T02:33:46.000Z,2021-04-18T09:45:46.000Z,2021-04-18T09:58:46.000Z,7.500,6.778
19/04/2021,-4,92.72063492,2021-04-19T01:56:27.000Z,2021-04-19T01:56:27.000Z,2021-04-19T10:46:57.000Z,2021-04-19T10:58:27.000Z,9.028,8.389
20/04/2021,-4,81.97266963,2021-04-20T02:35:21.000Z,2021-04-20T02:43:51.000Z,2021-04-20T09:44:51.000Z,2021-04-20T09:47:51.000Z,7.222,6.667
21/04/2021,-4,88.23752105,2021-04-21T01:50:44.000Z,2021-04-21T02:13:44.000Z,2021-04-21T09:37:14.000Z,2021-04-21T09:52:14.000Z,8.028,7.139
23/04/2021,-4,71.02523694,2021-04-23T01:50:20.000Z,2021-04-23T01:54:20.000Z,2021-04-23T10:30:50.000Z,2021-04-23T10:41:50.000Z,8.861,6.306
24/04/2021,-4,85.02669173,2021-04-24T02:13:59.000Z,2021-04-24T02:17:29.000Z,2021-04-24T09:21:29.000Z,2021-04-24T09:56:29.000Z,7.722,6.778
25/04/2021,-4,93.62420635,2021-04-25T02:31:25.000Z,2021-04-25T02:32:55.000Z,2021-04-25T10:45:25.000Z,2021-04-25T11:00:55.000Z,8.500,7.861
26/04/2021,-4,94.42619048,2021-04-26T02:03:47.000Z,2021-04-26T02:03:47.000Z,2021-04-26T10:16:47.000Z,2021-04-26T10:21:17.000Z,8.306,8.000
27/04/2021,-4,69.93229548,2021-04-27T01:56:14.000Z,2021-04-27T02:32:14.000Z,2021-04-27T09:44:14.000Z,2021-04-27T09:49:44.000Z,7.889,6.389
28/04/2021,-4,87.15950207,2021-04-28T02:07:39.000Z,2021-04-28T02:09:39.000Z,2021-04-28T10:02:09.000Z,2021-04-28T10:20:39.000Z,8.222,7.361
29/04/2021,-4,85.44880952,2021-04-29T02:55:34.000Z,2021-04-29T02:57:04.000Z,2021-04-29T10:18:34.000Z,2021-04-29T10:33:04.000Z,7.639,7.056
30/04/2021,-4,43.77380952,2021-04-30T02:03:41.000Z,2021-04-30T02:49:11.000Z,2021-04-30T09:52:11.000Z,2021-04-30T10:10:11.000Z,8.111,5.444
01/05/2021,-4,93.73333333,2021-05-01T01:50:57.000Z,2021-05-01T01:50:57.000Z,2021-05-01T10:07:57.000Z,2021-05-01T10:16:57.000Z,8.444,7.972
02/05/2021,-4,90.20079365,2021-05-02T04:00:13.000Z,2021-05-02T04:00:13.000Z,2021-05-02T11:42:13.000Z,2021-05-02T11:52:13.000Z,7.861,7.417
03/05/2021,-4,91.2175526,2021-05-03T01:43:50.000Z,2021-05-03T01:55:20.000Z,2021-05-03T10:41:20.000Z,2021-05-03T10:43:20.000Z,9.000,8.222
04/05/2021,-4,82.63977668,2021-05-04T02:33:41.000Z,2021-05-04T02:40:11.000Z,2021-05-04T09:24:41.000Z,2021-05-04T09:47:11.000Z,7.222,6.389
05/05/2021,-4,87.37751604,2021-05-05T02:29:46.000Z,2021-05-05T02:30:46.000Z,2021-05-05T10:43:16.000Z,2021-05-05T10:58:16.000Z,8.472,7.611
06/05/2021,-4,86.29033572,2021-05-06T02:41:01.000Z,2021-05-06T02:41:01.000Z,2021-05-06T10:13:01.000Z,2021-05-06T10:31:01.000Z,7.833,7.139
07/05/2021,-4,83.25945728,2021-05-07T02:21:35.000Z,2021-05-07T02:31:05.000Z,2021-05-07T09:19:05.000Z,2021-05-07T09:26:05.000Z,7.083,6.583
08/05/2021,-4,90.05930132,2021-05-08T00:57:03.000Z,2021-05-08T00:57:03.000Z,2021-05-08T09:48:33.000Z,2021-05-08T09:50:03.000Z,8.889,8.250
09/05/2021,-4,76.15773505,2021-05-09T00:50:58.000Z,2021-05-09T00:56:28.000Z,2021-05-09T10:05:28.000Z,2021-05-09T10:27:58.000Z,9.611,7.583
10/05/2021,-4,83.56235991,2021-05-10T01:46:34.000Z,2021-05-10T02:04:04.000Z,2021-05-10T10:27:04.000Z,2021-05-10T10:28:34.000Z,8.694,7.667
11/05/2021,-4,90.79007937,2021-05-11T02:08:23.000Z,2021-05-11T02:09:53.000Z,2021-05-11T09:46:23.000Z,2021-05-11T09:55:53.000Z,7.806,7.472
12/05/2021,-4,83.57836759,2021-05-12T01:59:44.000Z,2021-05-12T02:16:44.000Z,2021-05-12T09:18:44.000Z,2021-05-12T09:28:14.000Z,7.472,6.750
13/05/2021,-4,74.77743449,2021-05-13T01:41:04.000Z,2021-05-13T02:40:04.000Z,2021-05-13T09:59:34.000Z,2021-05-13T10:16:34.000Z,8.583,6.833
14/05/2021,-4,90.13888889,2021-05-14T02:07:04.000Z,2021-05-14T02:10:04.000Z,2021-05-14T10:09:04.000Z,2021-05-14T10:13:34.000Z,8.111,7.667
15/05/2021,-4,85.56005913,2021-05-15T02:26:46.000Z,2021-05-15T02:34:46.000Z,2021-05-15T09:32:16.000Z,2021-05-15T09:35:16.000Z,7.139,6.722
16/05/2021,-4,85.0218254,2021-05-16T02:45:35.000Z,2021-05-16T02:50:05.000Z,2021-05-16T09:51:05.000Z,2021-05-16T10:01:05.000Z,7.250,6.833
17/05/2021,-4,91.81242293,2021-05-17T00:57:23.000Z,2021-05-17T01:21:23.000Z,2021-05-17T10:01:53.000Z,2021-05-17T10:17:23.000Z,9.333,8.278
18/05/2021,-4,89.30935338,2021-05-18T02:07:28.000Z,2021-05-18T02:12:58.000Z,2021-05-18T09:58:58.000Z,2021-05-18T10:15:28.000Z,8.139,7.472
19/05/2021,-4,74.63170696,2021-05-19T02:18:48.000Z,2021-05-19T02:26:48.000Z,2021-05-19T09:55:48.000Z,2021-05-19T09:57:48.000Z,7.639,6.528
20/05/2021,-4,88.65357143,2021-05-20T02:02:24.000Z,2021-05-20T02:08:54.000Z,2021-05-20T09:27:54.000Z,2021-05-20T09:28:24.000Z,7.444,7.139
21/05/2021,-4,88.74285714,2021-05-21T02:02:16.000Z,2021-05-21T02:09:46.000Z,2021-05-21T09:35:16.000Z,2021-05-21T09:36:46.000Z,7.583,7.222
22/05/2021,-4,81.93013728,2021-05-22T02:06:26.000Z,2021-05-22T02:25:56.000Z,2021-05-22T10:44:26.000Z,2021-05-22T10:45:56.000Z,8.667,7.472
23/05/2021,-4,92.95242764,2021-05-23T01:54:03.000Z,2021-05-23T02:10:33.000Z,2021-05-23T10:58:03.000Z,2021-05-23T11:09:03.000Z,9.250,8.389
24/05/2021,-4,87.13456935,2021-05-24T00:59:02.000Z,2021-05-24T01:04:32.000Z,2021-05-24T09:50:32.000Z,2021-05-24T09:50:32.000Z,8.861,8.028
25/05/2021,-4,60.47323655,2021-05-25T03:36:46.000Z,2021-05-25T04:41:16.000Z,2021-05-25T10:27:46.000Z,2021-05-25T10:49:46.000Z,7.222,5.472
26/05/2021,-4,74.11587302,2021-05-26T03:08:48.000Z,2021-05-26T03:08:48.000Z,2021-05-26T08:54:48.000Z,2021-05-26T09:04:48.000Z,5.944,5.611
27/05/2021,-4,85.64661812,2021-05-27T02:06:45.000Z,2021-05-27T02:12:15.000Z,2021-05-27T09:34:15.000Z,2021-05-27T09:56:45.000Z,7.833,6.917
28/05/2021,-4,91.54212734,2021-05-28T01:57:45.000Z,2021-05-28T02:04:15.000Z,2021-05-28T10:08:45.000Z,2021-05-28T10:24:45.000Z,8.444,7.750
29/05/2021,-4,93.76269841,2021-05-29T02:12:49.000Z,2021-05-29T02:16:19.000Z,2021-05-29T10:45:49.000Z,2021-05-29T10:46:49.000Z,8.556,8.250
30/05/2021,-4,90.1162424,2021-05-30T03:31:38.000Z,2021-05-30T03:35:08.000Z,2021-05-30T12:12:08.000Z,2021-05-30T12:22:38.000Z,8.861,8.194
31/05/2021,-4,87.73412698,2021-05-31T02:47:59.000Z,2021-05-31T02:47:59.000Z,2021-05-31T10:35:59.000Z,2021-05-31T10:37:59.000Z,7.833,7.472
01/06/2021,-4,74.16441491,2021-06-01T01:19:14.000Z,2021-06-01T01:28:44.000Z,2021-06-01T10:16:44.000Z,2021-06-01T10:16:44.000Z,8.972,7.472
03/06/2021,-4,87.0638612,2021-06-03T01:50:47.000Z,2021-06-03T01:50:47.000Z,2021-06-03T09:22:17.000Z,2021-06-03T09:22:47.000Z,7.528,7.139
04/06/2021,-4,82.47833819,2021-06-04T02:06:19.000Z,2021-06-04T02:21:49.000Z,2021-06-04T10:24:49.000Z,2021-06-04T10:36:49.000Z,8.500,7.306
05/06/2021,-4,76.93313492,2021-06-05T03:41:10.000Z,2021-06-05T03:45:10.000Z,2021-06-05T09:51:40.000Z,2021-06-05T09:53:10.000Z,6.194,5.917
06/06/2021,-4,79.6734127,2021-06-06T03:12:01.000Z,2021-06-06T03:25:31.000Z,2021-06-06T12:00:01.000Z,2021-06-06T12:11:01.000Z,8.972,7.528
07/06/2021,-4,94.77020013,2021-06-07T01:38:05.000Z,2021-06-07T01:43:35.000Z,2021-06-07T10:31:05.000Z,2021-06-07T10:38:05.000Z,9.000,8.444
08/06/2021,-4,92.03867145,2021-06-08T01:35:48.000Z,2021-06-08T01:56:48.000Z,2021-06-08T10:50:18.000Z,2021-06-08T11:00:18.000Z,9.417,7.611
09/06/2021,-4,71.34626771,2021-06-09T02:14:24.000Z,2021-06-09T02:29:54.000Z,2021-06-09T10:09:54.000Z,2021-06-09T10:12:54.000Z,7.972,6.556
10/06/2021,-4,87.11468254,2021-06-10T02:34:41.000Z,2021-06-10T02:38:41.000Z,2021-06-10T09:59:11.000Z,2021-06-10T10:15:41.000Z,7.694,7.111
11/06/2021,-4,87.08535354,2021-06-11T02:24:15.000Z,2021-06-11T02:49:45.000Z,2021-06-11T10:06:15.000Z,2021-06-11T10:23:45.000Z,8.000,7.083
12/06/2021,-4,75.06109538,2021-06-12T02:01:18.000Z,2021-06-12T03:16:48.000Z,2021-06-12T10:06:48.000Z,2021-06-12T10:21:48.000Z,8.333,6.611
13/06/2021,-4,80.3514954,2021-06-13T00:38:06.000Z,2021-06-13T00:38:06.000Z,2021-06-13T07:39:06.000Z,2021-06-13T07:56:36.000Z,7.306,6.583
14/06/2021,-4,92.45281183,2021-06-14T01:03:05.000Z,2021-06-14T01:07:35.000Z,2021-06-14T10:41:05.000Z,2021-06-14T10:51:05.000Z,9.806,8.028
15/06/2021,-4,88.10109136,2021-06-15T01:56:29.000Z,2021-06-15T02:03:59.000Z,2021-06-15T10:46:59.000Z,2021-06-15T10:58:29.000Z,9.028,7.972
16/06/2021,-4,80.62155156,2021-06-16T02:09:36.000Z,2021-06-16T02:19:36.000Z,2021-06-16T09:52:36.000Z,2021-06-16T10:50:06.000Z,8.667,6.861
17/06/2021,-4,93.83351952,2021-06-17T02:00:28.000Z,2021-06-17T02:04:58.000Z,2021-06-17T10:55:58.000Z,2021-06-17T11:12:58.000Z,9.222,7.444
18/06/2021,-4,86.48313492,2021-06-18T02:22:30.000Z,2021-06-18T02:28:30.000Z,2021-06-18T09:29:30.000Z,2021-06-18T09:48:30.000Z,7.444,6.889
19/06/2021,-4,87.43905385,2021-06-19T02:03:13.000Z,2021-06-19T02:17:13.000Z,2021-06-19T11:23:43.000Z,2021-06-19T11:25:43.000Z,9.389,8.417
20/06/2021,-4,88.71897126,2021-06-20T02:08:32.000Z,2021-06-20T02:19:32.000Z,2021-06-20T10:30:02.000Z,2021-06-20T10:30:02.000Z,8.361,7.722
21/06/2021,-4,82.46355607,2021-06-21T01:16:30.000Z,2021-06-21T01:22:30.000Z,2021-06-21T10:34:30.000Z,2021-06-21T10:40:00.000Z,9.389,8.083
22/06/2021,-4,90.18443518,2021-06-22T01:56:01.000Z,2021-06-22T02:03:01.000Z,2021-06-22T10:08:31.000Z,2021-06-22T10:14:01.000Z,8.306,7.639
23/06/2021,-4,86.58070175,2021-06-23T01:12:46.000Z,2021-06-23T01:18:16.000Z,2021-06-23T10:04:46.000Z,2021-06-23T10:05:46.000Z,8.889,7.806
24/06/2021,-4,87.35076283,2021-06-24T02:21:39.000Z,2021-06-24T02:22:09.000Z,2021-06-24T10:05:09.000Z,2021-06-24T10:19:09.000Z,7.972,7.306
25/06/2021,-4,89.32103175,2021-06-25T02:22:46.000Z,2021-06-25T02:27:46.000Z,2021-06-25T10:01:16.000Z,2021-06-25T10:18:46.000Z,7.944,7.278
26/06/2021,-4,62.5980341,2021-06-26T02:31:35.000Z,2021-06-26T04:07:05.000Z,2021-06-26T10:30:35.000Z,2021-06-26T10:36:05.000Z,8.083,5.917
27/06/2021,-4,89.35158035,2021-06-27T01:24:46.000Z,2021-06-27T01:42:16.000Z,2021-06-27T10:55:46.000Z,2021-06-27T11:16:46.000Z,9.861,8.472
28/06/2021,-4,92.44840024,2021-06-28T00:58:07.000Z,2021-06-28T01:07:07.000Z,2021-06-28T09:43:37.000Z,2021-06-28T09:43:37.000Z,8.750,8.222
29/06/2021,-4,88.85480745,2021-06-29T01:48:32.000Z,2021-06-29T01:48:32.000Z,2021-06-29T10:40:02.000Z,2021-06-29T10:46:32.000Z,8.972,8.028
30/06/2021,-4,91.10992063,2021-06-30T02:36:11.000Z,2021-06-30T02:36:11.000Z,2021-06-30T10:38:11.000Z,2021-06-30T10:53:11.000Z,8.278,7.778
01/07/2021,-4,89.58849206,2021-07-01T02:41:27.000Z,2021-07-01T02:45:27.000Z,2021-07-01T10:25:27.000Z,2021-07-01T10:35:27.000Z,7.889,7.389
02/07/2021,-4,84.67885154,2021-07-02T01:47:14.000Z,2021-07-02T01:47:14.000Z,2021-07-02T10:17:14.000Z,2021-07-02T10:24:14.000Z,8.611,7.639
03/07/2021,-4,81.20731671,2021-07-03T02:28:34.000Z,2021-07-03T02:36:04.000Z,2021-07-03T10:57:34.000Z,2021-07-03T11:07:34.000Z,8.639,7.417
04/07/2021,-4,59.20383543,2021-07-04T01:53:14.000Z,2021-07-04T01:56:44.000Z,2021-07-04T09:54:14.000Z,2021-07-04T10:21:44.000Z,8.472,6.306
05/07/2021,-4,62.35421888,2021-07-05T02:31:37.000Z,2021-07-05T02:36:37.000Z,2021-07-05T09:39:07.000Z,2021-07-05T09:39:07.000Z,7.139,5.833
06/07/2021,-4,84.8383158,2021-07-06T03:33:05.000Z,2021-07-06T03:43:35.000Z,2021-07-06T10:34:05.000Z,2021-07-06T10:41:05.000Z,7.139,6.639
07/07/2021,-4,88.88300877,2021-07-07T02:06:52.000Z,2021-07-07T02:15:22.000Z,2021-07-07T09:56:22.000Z,2021-07-07T10:11:22.000Z,8.083,7.278
08/07/2021,-4,89.65660801,2021-07-08T01:39:14.000Z,2021-07-08T01:43:14.000Z,2021-07-08T10:16:44.000Z,2021-07-08T10:34:14.000Z,8.917,7.944
09/07/2021,-4,88.11887862,2021-07-09T02:52:39.000Z,2021-07-09T03:24:39.000Z,2021-07-09T10:51:39.000Z,2021-07-09T11:12:09.000Z,8.333,7.278
10/07/2021,-4,83.14886364,2021-07-10T02:25:32.000Z,2021-07-10T02:33:02.000Z,2021-07-10T10:07:32.000Z,2021-07-10T10:26:02.000Z,8.000,7.000
11/07/2021,-4,80.77084419,2021-07-11T01:58:28.000Z,2021-07-11T02:05:28.000Z,2021-07-11T11:33:58.000Z,2021-07-11T11:47:58.000Z,9.833,7.861
12/07/2021,-4,94.21661478,2021-07-12T01:17:53.000Z,2021-07-12T01:23:53.000Z,2021-07-12T10:43:53.000Z,2021-07-12T10:54:53.000Z,9.611,8.833
13/07/2021,-4,89.44037708,2021-07-13T01:44:21.000Z,2021-07-13T01:49:21.000Z,2021-07-13T10:14:51.000Z,2021-07-13T10:25:51.000Z,8.694,7.806
14/07/2021,-4,87.55615079,2021-07-14T02:35:02.000Z,2021-07-14T02:40:02.000Z,2021-07-14T09:45:32.000Z,2021-07-14T09:48:02.000Z,7.222,7.000
15/07/2021,-4,74.1406169,2021-07-15T02:01:26.000Z,2021-07-15T02:30:56.000Z,2021-07-15T10:23:26.000Z,2021-07-15T10:39:56.000Z,8.639,6.917
16/07/2021,-4,90.18486115,2021-07-16T02:13:30.000Z,2021-07-16T02:23:00.000Z,2021-07-16T10:00:30.000Z,2021-07-16T10:06:30.000Z,7.889,7.389
17/07/2021,-4,89.58669995,2021-07-17T01:39:15.000Z,2021-07-17T01:54:45.000Z,2021-07-17T10:26:15.000Z,2021-07-17T10:41:45.000Z,9.056,8.083
18/07/2021,-4,94.41274729,2021-07-18T02:29:22.000Z,2021-07-18T02:35:22.000Z,2021-07-18T11:00:52.000Z,2021-07-18T11:14:52.000Z,8.750,8.083
19/07/2021,-4,75.79808989,2021-07-19T02:31:48.000Z,2021-07-19T02:31:48.000Z,2021-07-19T10:34:18.000Z,2021-07-19T10:45:48.000Z,8.222,6.972
20/07/2021,-4,78.21148057,2021-07-20T02:06:37.000Z,2021-07-20T02:16:37.000Z,2021-07-20T10:03:07.000Z,2021-07-20T10:17:37.000Z,8.194,7.139
21/07/2021,-4,94.26428571,2021-07-21T01:36:22.000Z,2021-07-21T01:39:22.000Z,2021-07-21T09:54:22.000Z,2021-07-21T10:05:22.000Z,8.472,8.056
22/07/2021,-4,89.48571429,2021-07-22T02:23:11.000Z,2021-07-22T02:23:11.000Z,2021-07-22T10:03:41.000Z,2021-07-22T10:12:41.000Z,7.833,7.417
23/07/2021,-4,84.00321429,2021-07-23T02:10:55.000Z,2021-07-23T02:15:25.000Z,2021-07-23T09:35:25.000Z,2021-07-23T10:32:25.000Z,8.361,6.167
24/07/2021,-4,90.04761905,2021-07-24T02:08:31.000Z,2021-07-24T02:11:31.000Z,2021-07-24T10:26:31.000Z,2021-07-24T10:32:01.000Z,8.389,7.917
25/07/2021,-4,92.86628883,2021-07-25T01:47:57.000Z,2021-07-25T02:02:27.000Z,2021-07-25T10:09:27.000Z,2021-07-25T10:14:57.000Z,8.444,7.833
26/07/2021,-4,93.55945328,2021-07-26T01:34:24.000Z,2021-07-26T01:44:54.000Z,2021-07-26T10:51:24.000Z,2021-07-26T10:51:24.000Z,9.278,8.667
27/07/2021,-4,88.72301587,2021-07-27T02:29:42.000Z,2021-07-27T02:34:12.000Z,2021-07-27T10:17:12.000Z,2021-07-27T10:37:42.000Z,8.139,7.472
28/07/2021,-4,90.62849306,2021-07-28T02:28:34.000Z,2021-07-28T02:37:34.000Z,2021-07-28T10:27:04.000Z,2021-07-28T10:37:34.000Z,8.139,7.444
29/07/2021,-4,86.7527934,2021-07-29T01:17:15.000Z,2021-07-29T01:18:15.000Z,2021-07-29T09:45:15.000Z,2021-07-29T09:55:15.000Z,8.639,7.722
30/07/2021,-4,62.64191996,2021-07-30T02:57:53.000Z,2021-07-30T03:02:53.000Z,2021-07-30T09:13:53.000Z,2021-07-30T09:33:23.000Z,6.583,5.361
31/07/2021,-4,93.51269841,2021-07-31T02:15:52.000Z,2021-07-31T02:20:22.000Z,2021-07-31T10:17:52.000Z,2021-07-31T10:35:52.000Z,8.333,7.806
01/08/2021,-4,94.16984127,2021-08-01T01:50:27.000Z,2021-08-01T01:50:27.000Z,2021-08-01T10:30:57.000Z,2021-08-01T10:38:27.000Z,8.806,8.417
02/08/2021,-4,89.24881849,2021-08-02T01:18:58.000Z,2021-08-02T01:18:58.000Z,2021-08-02T09:25:58.000Z,2021-08-02T09:31:58.000Z,8.222,7.639
03/08/2021,-4,93.93333333,2021-08-03T01:47:28.000Z,2021-08-03T01:47:28.000Z,2021-08-03T11:04:28.000Z,2021-08-03T11:10:58.000Z,9.389,8.833
04/08/2021,-4,83.12934704,2021-08-04T02:21:34.000Z,2021-08-04T02:24:34.000Z,2021-08-04T09:41:34.000Z,2021-08-04T09:48:04.000Z,7.444,6.861
05/08/2021,-4,94.26349206,2021-08-05T02:09:07.000Z,2021-08-05T02:09:07.000Z,2021-08-05T10:43:07.000Z,2021-08-05T11:05:37.000Z,8.944,8.361
06/08/2021,-4,90.36626984,2021-08-06T02:32:13.000Z,2021-08-06T02:35:43.000Z,2021-08-06T10:03:43.000Z,2021-08-06T10:13:43.000Z,7.694,7.278
07/08/2021,-4,88.68745225,2021-08-07T01:40:46.000Z,2021-08-07T01:40:46.000Z,2021-08-07T11:08:16.000Z,2021-08-07T11:12:16.000Z,9.528,7.833
08/08/2021,-4,96.62301587,2021-08-08T01:54:31.000Z,2021-08-08T02:07:31.000Z,2021-08-08T11:05:01.000Z,2021-08-08T11:17:31.000Z,9.389,8.750
09/08/2021,-4,84.95038123,2021-08-09T00:44:08.000Z,2021-08-09T00:51:08.000Z,2021-08-09T10:16:38.000Z,2021-08-09T10:33:08.000Z,9.806,8.222
10/08/2021,-4,78.64651352,2021-08-10T02:20:44.000Z,2021-08-10T02:37:14.000Z,2021-08-10T10:59:14.000Z,2021-08-10T11:15:14.000Z,8.917,7.472
11/08/2021,-4,86.98354908,2021-08-11T01:49:25.000Z,2021-08-11T01:53:55.000Z,2021-08-11T10:24:25.000Z,2021-08-11T10:43:55.000Z,8.917,7.722
12/08/2021,-4,83.85052347,2021-08-12T02:12:25.000Z,2021-08-12T02:18:25.000Z,2021-08-12T10:02:25.000Z,2021-08-12T10:21:55.000Z,8.167,7.111
13/08/2021,-4,70.24551572,2021-08-13T04:13:28.000Z,2021-08-13T04:23:58.000Z,2021-08-13T10:32:58.000Z,2021-08-13T10:48:58.000Z,6.583,5.611
14/08/2021,-4,91.89286532,2021-08-14T02:54:42.000Z,2021-08-14T03:04:42.000Z,2021-08-14T10:59:42.000Z,2021-08-14T11:17:12.000Z,8.389,7.667
15/08/2021,-4,82.20387811,2021-08-15T03:31:36.000Z,2021-08-15T03:46:06.000Z,2021-08-15T11:00:36.000Z,2021-08-15T11:02:06.000Z,7.500,6.806
16/08/2021,-4,90.80505804,2021-08-16T02:01:28.000Z,2021-08-16T02:02:58.000Z,2021-08-16T10:23:58.000Z,2021-08-16T10:41:28.000Z,8.667,7.861
17/08/2021,-4,72.75340793,2021-08-17T02:34:48.000Z,2021-08-17T02:48:18.000Z,2021-08-17T08:15:48.000Z,2021-08-17T10:18:48.000Z,7.722,5.333
18/08/2021,-4,59.8999211,2021-08-18T02:47:29.000Z,2021-08-18T02:47:29.000Z,2021-08-18T08:31:59.000Z,2021-08-18T10:07:59.000Z,7.333,4.917
19/08/2021,-4,87.03595835,2021-08-19T02:42:57.000Z,2021-08-19T02:55:57.000Z,2021-08-19T10:11:27.000Z,2021-08-19T10:15:57.000Z,7.556,7.028
20/08/2021,-4,92.69192886,2021-08-20T02:17:22.000Z,2021-08-20T02:24:22.000Z,2021-08-20T11:38:52.000Z,2021-08-20T11:40:22.000Z,9.389,8.556
21/08/2021,-4,84.05588327,2021-08-21T01:59:40.000Z,2021-08-21T02:08:10.000Z,2021-08-21T09:24:40.000Z,2021-08-21T09:24:40.000Z,7.417,6.833
22/08/2021,-4,81.89543651,2021-08-22T03:22:50.000Z,2021-08-22T03:26:20.000Z,2021-08-22T09:56:50.000Z,2021-08-22T10:05:20.000Z,6.722,6.333
23/08/2021,-4,90.4408939,2021-08-23T01:11:04.000Z,2021-08-23T01:26:34.000Z,2021-08-23T09:37:04.000Z,2021-08-23T09:59:34.000Z,8.806,7.833
24/08/2021,-4,89.49433622,2021-08-24T02:12:31.000Z,2021-08-24T02:12:31.000Z,2021-08-24T10:27:31.000Z,2021-08-24T10:48:01.000Z,8.583,7.806
25/08/2021,-4,74.11188672,2021-08-25T02:37:21.000Z,2021-08-25T02:54:51.000Z,2021-08-25T10:19:21.000Z,2021-08-25T10:29:21.000Z,7.861,6.583
26/08/2021,-4,95.61088117,2021-08-26T01:41:28.000Z,2021-08-26T01:52:28.000Z,2021-08-26T10:26:58.000Z,2021-08-26T10:37:58.000Z,8.944,8.306
27/08/2021,-4,96.53611111,2021-08-27T01:52:12.000Z,2021-08-27T01:52:12.000Z,2021-08-27T10:50:42.000Z,2021-08-27T10:56:42.000Z,9.083,8.722
28/08/2021,-4,93.9763278,2021-08-28T02:16:08.000Z,2021-08-28T02:22:08.000Z,2021-08-28T11:00:38.000Z,2021-08-28T11:20:38.000Z,9.083,8.250
29/08/2021,-4,53.38961001,2021-08-29T06:28:46.000Z,2021-08-29T06:37:46.000Z,2021-08-29T11:13:16.000Z,2021-08-29T12:03:16.000Z,5.583,4.194
30/08/2021,-4,96.23809524,2021-08-30T00:36:35.000Z,2021-08-30T00:46:35.000Z,2021-08-30T10:09:35.000Z,2021-08-30T10:19:05.000Z,9.722,9.083
31/08/2021,-4,85.1333082,2021-08-31T01:32:19.000Z,2021-08-31T01:49:19.000Z,2021-08-31T10:44:49.000Z,2021-08-31T10:53:19.000Z,9.361,7.889
01/09/2021,-4,82.0873557,2021-09-01T02:02:52.000Z,2021-09-01T02:07:22.000Z,2021-09-01T09:44:52.000Z,2021-09-01T09:48:22.000Z,7.750,7.000
02/09/2021,-4,86.9125,2021-09-02T01:40:36.000Z,2021-09-02T01:44:06.000Z,2021-09-02T08:44:36.000Z,2021-09-02T10:02:06.000Z,8.361,6.889
03/09/2021,-4,79.01294261,2021-09-03T02:09:38.000Z,2021-09-03T02:20:08.000Z,2021-09-03T09:57:38.000Z,2021-09-03T10:46:38.000Z,8.611,6.806
04/09/2021,-4,85.40829766,2021-09-04T02:19:20.000Z,2021-09-04T02:19:20.000Z,2021-09-04T11:13:20.000Z,2021-09-04T11:23:20.000Z,9.056,7.806
05/09/2021,-4,71.50586932,2021-09-05T03:24:23.000Z,2021-09-05T03:24:23.000Z,2021-09-05T10:34:23.000Z,2021-09-05T10:38:53.000Z,7.250,6.278
07/09/2021,-4,94.85246967,2021-09-07T00:50:00.000Z,2021-09-07T00:59:00.000Z,2021-09-07T10:27:00.000Z,2021-09-07T10:37:00.000Z,9.778,9.139
08/09/2021,-4,81.277053,2021-09-08T01:51:04.000Z,2021-09-08T01:55:34.000Z,2021-09-08T09:55:04.000Z,2021-09-08T10:33:34.000Z,8.722,7.167
09/09/2021,-4,69.59368556,2021-09-09T01:49:26.000Z,2021-09-09T02:02:56.000Z,2021-09-09T07:20:26.000Z,2021-09-09T10:16:56.000Z,8.472,5.083
10/09/2021,-4,81.72965008,2021-09-10T01:36:18.000Z,2021-09-10T01:45:48.000Z,2021-09-10T10:33:18.000Z,2021-09-10T10:47:18.000Z,9.194,7.000
11/09/2021,-4,83.89452275,2021-09-11T03:04:36.000Z,2021-09-11T03:04:36.000Z,2021-09-11T10:39:36.000Z,2021-09-11T11:00:06.000Z,7.917,6.389
12/09/2021,-4,73.28758556,2021-09-12T04:20:34.000Z,2021-09-12T04:39:04.000Z,2021-09-12T11:04:04.000Z,2021-09-12T11:15:04.000Z,6.917,5.917
13/09/2021,-4,95.08017934,2021-09-13T01:41:07.000Z,2021-09-13T01:48:07.000Z,2021-09-13T10:40:07.000Z,2021-09-13T10:50:07.000Z,9.139,8.472
14/09/2021,-4,94.67495292,2021-09-14T01:51:49.000Z,2021-09-14T02:01:19.000Z,2021-09-14T10:42:49.000Z,2021-09-14T10:53:49.000Z,9.028,8.278
15/09/2021,-4,88.59097035,2021-09-15T01:36:44.000Z,2021-09-15T01:41:44.000Z,2021-09-15T10:26:44.000Z,2021-09-15T10:50:14.000Z,9.222,7.917
16/09/2021,-4,93.71349206,2021-09-16T02:16:26.000Z,2021-09-16T02:18:56.000Z,2021-09-16T10:37:56.000Z,2021-09-16T10:40:26.000Z,8.389,8.083
17/09/2021,-4,80.81865079,2021-09-17T02:09:18.000Z,2021-09-17T02:12:48.000Z,2021-09-17T10:54:18.000Z,2021-09-17T11:08:48.000Z,9.000,7.556
18/09/2021,-4,88.38741663,2021-09-18T02:16:55.000Z,2021-09-18T02:21:55.000Z,2021-09-18T09:57:25.000Z,2021-09-18T09:59:25.000Z,7.722,7.278
19/09/2021,-4,90.32762222,2021-09-19T01:51:10.000Z,2021-09-19T01:55:10.000Z,2021-09-19T10:36:40.000Z,2021-09-19T10:41:40.000Z,8.833,8.111
20/09/2021,-4,93.55400729,2021-09-20T01:39:47.000Z,2021-09-20T01:47:17.000Z,2021-09-20T10:48:47.000Z,2021-09-20T10:56:47.000Z,9.278,8.639
21/09/2021,-4,78.94345763,2021-09-21T01:58:10.000Z,2021-09-21T02:01:40.000Z,2021-09-21T10:28:40.000Z,2021-09-21T10:36:40.000Z,8.639,7.333
22/09/2021,-4,91.74344634,2021-09-22T01:41:07.000Z,2021-09-22T01:52:37.000Z,2021-09-22T09:54:07.000Z,2021-09-22T10:24:37.000Z,8.722,7.667
23/09/2021,-4,92.16284892,2021-09-23T01:45:54.000Z,2021-09-23T01:59:54.000Z,2021-09-23T10:46:24.000Z,2021-09-23T10:50:54.000Z,9.083,8.306
24/09/2021,-4,69.18643106,2021-09-24T03:41:28.000Z,2021-09-24T03:41:28.000Z,2021-09-24T10:03:28.000Z,2021-09-24T10:03:28.000Z,6.361,5.639
25/09/2021,-4,94.92063492,2021-09-25T03:27:29.000Z,2021-09-25T03:29:59.000Z,2021-09-25T11:49:59.000Z,2021-09-25T11:50:29.000Z,8.389,8.139
26/09/2021,-4,94.75753968,2021-09-26T02:00:18.000Z,2021-09-26T02:11:18.000Z,2021-09-26T10:46:18.000Z,2021-09-26T10:57:18.000Z,8.944,8.361
27/09/2021,-4,95.81663922,2021-09-27T01:26:10.000Z,2021-09-27T01:35:10.000Z,2021-09-27T10:06:40.000Z,2021-09-27T10:40:40.000Z,9.250,8.194
28/09/2021,-4,88.18611111,2021-09-28T02:32:27.000Z,2021-09-28T02:32:27.000Z,2021-09-28T10:27:57.000Z,2021-09-28T10:38:27.000Z,8.111,7.528
29/09/2021,-4,91.32698413,2021-09-29T02:04:53.000Z,2021-09-29T02:12:53.000Z,2021-09-29T10:02:53.000Z,2021-09-29T10:02:53.000Z,7.972,7.611
30/09/2021,-4,89.44808362,2021-09-30T01:55:58.000Z,2021-09-30T02:04:28.000Z,2021-09-30T10:07:58.000Z,2021-09-30T10:27:58.000Z,8.528,7.667
01/10/2021,-4,81.22970624,2021-10-01T01:10:47.000Z,2021-10-01T01:28:17.000Z,2021-10-01T10:23:17.000Z,2021-10-01T10:32:17.000Z,9.361,7.611
02/10/2021,-4,68.10020328,2021-10-02T03:58:27.000Z,2021-10-02T04:03:27.000Z,2021-10-02T10:45:57.000Z,2021-10-02T10:46:27.000Z,6.806,5.833
03/10/2021,-4,90.68171753,2021-10-03T01:14:57.000Z,2021-10-03T01:21:27.000Z,2021-10-03T10:17:57.000Z,2021-10-03T11:11:57.000Z,9.944,8.417
04/10/2021,-4,76.78203235,2021-10-04T01:05:08.000Z,2021-10-04T01:18:08.000Z,2021-10-04T08:28:38.000Z,2021-10-04T08:28:38.000Z,7.389,6.500
05/10/2021,-4,94.36190476,2021-10-05T01:29:50.000Z,2021-10-05T01:34:20.000Z,2021-10-05T09:57:20.000Z,2021-10-05T10:12:20.000Z,8.722,8.083
06/10/2021,-4,92.91148397,2021-10-06T01:52:36.000Z,2021-10-06T02:18:06.000Z,2021-10-06T10:34:06.000Z,2021-10-06T10:45:06.000Z,8.889,8.000
07/10/2021,-4,87.94045726,2021-10-07T01:49:30.000Z,2021-10-07T01:54:00.000Z,2021-10-07T10:23:00.000Z,2021-10-07T10:41:30.000Z,8.861,7.778
08/10/2021,-4,78.4327065,2021-10-08T01:50:52.000Z,2021-10-08T01:50:52.000Z,2021-10-08T09:41:52.000Z,2021-10-08T10:02:22.000Z,8.194,6.806
09/10/2021,-4,92.90595238,2021-10-09T01:41:00.000Z,2021-10-09T01:48:00.000Z,2021-10-09T09:58:00.000Z,2021-10-09T10:14:30.000Z,8.556,7.889
10/10/2021,-4,87.95039683,2021-10-10T03:03:27.000Z,2021-10-10T03:12:57.000Z,2021-10-10T10:39:27.000Z,2021-10-10T10:51:27.000Z,7.806,7.139
11/10/2021,-4,95.54920635,2021-10-11T01:21:22.000Z,2021-10-11T01:30:22.000Z,2021-10-11T10:20:52.000Z,2021-10-11T10:21:52.000Z,9.000,8.556
12/10/2021,-4,63.77005363,2021-10-12T01:13:48.000Z,2021-10-12T01:40:18.000Z,2021-10-12T10:07:18.000Z,2021-10-12T10:07:48.000Z,8.889,6.778
13/10/2021,-4,73.3366629,2021-10-13T02:31:43.000Z,2021-10-13T03:21:43.000Z,2021-10-13T09:54:43.000Z,2021-10-13T10:10:43.000Z,7.639,6.194
14/10/2021,-4,84.30765014,2021-10-14T01:53:59.000Z,2021-10-14T02:05:29.000Z,2021-10-14T09:10:29.000Z,2021-10-14T09:10:29.000Z,7.278,6.806
15/10/2021,-4,82.19427836,2021-10-15T03:10:37.000Z,2021-10-15T03:32:37.000Z,2021-10-15T10:17:07.000Z,2021-10-15T10:32:07.000Z,7.361,6.472
16/10/2021,-4,89.41128332,2021-10-16T02:42:59.000Z,2021-10-16T03:06:59.000Z,2021-10-16T11:32:59.000Z,2021-10-16T11:55:59.000Z,9.222,7.917
17/10/2021,-4,93.77738095,2021-10-17T02:15:14.000Z,2021-10-17T02:15:14.000Z,2021-10-17T10:26:14.000Z,2021-10-17T10:33:44.000Z,8.306,8.000
18/10/2021,-4,89.74583802,2021-10-18T00:46:58.000Z,2021-10-18T00:52:28.000Z,2021-10-18T10:18:28.000Z,2021-10-18T10:31:28.000Z,9.750,8.611
19/10/2021,-4,90.90383882,2021-10-19T02:07:04.000Z,2021-10-19T02:18:04.000Z,2021-10-19T09:53:04.000Z,2021-10-19T09:58:04.000Z,7.861,7.306
20/10/2021,-4,92.93985689,2021-10-20T01:55:40.000Z,2021-10-20T02:05:10.000Z,2021-10-20T10:18:40.000Z,2021-10-20T10:34:40.000Z,8.639,7.833
21/10/2021,-4,91.42539683,2021-10-21T01:55:43.000Z,2021-10-21T02:05:13.000Z,2021-10-21T09:38:13.000Z,2021-10-21T10:00:43.000Z,8.083,7.389
22/10/2021,-4,83.02966377,2021-10-22T03:30:51.000Z,2021-10-22T03:34:21.000Z,2021-10-22T10:29:21.000Z,2021-10-22T10:52:51.000Z,7.361,6.611
23/10/2021,-4,86.97841354,2021-10-23T01:21:01.000Z,2021-10-23T01:37:01.000Z,2021-10-23T08:51:31.000Z,2021-10-23T08:51:31.000Z,7.500,6.972
24/10/2021,-4,96.28214286,2021-10-24T01:43:22.000Z,2021-10-24T01:48:52.000Z,2021-10-24T10:46:22.000Z,2021-10-24T11:02:22.000Z,9.306,8.611
25/10/2021,-4,81.53387512,2021-10-25T00:40:25.000Z,2021-10-25T00:46:55.000Z,2021-10-25T10:13:55.000Z,2021-10-25T10:24:55.000Z,9.750,8.167
26/10/2021,-4,93.68223553,2021-10-26T01:49:24.000Z,2021-10-26T01:59:54.000Z,2021-10-26T10:10:24.000Z,2021-10-26T10:45:54.000Z,8.944,7.889
27/10/2021,-4,90.53719336,2021-10-27T01:57:37.000Z,2021-10-27T02:15:07.000Z,2021-10-27T10:12:37.000Z,2021-10-27T10:23:07.000Z,8.417,7.639
28/10/2021,-4,86.9466675,2021-10-28T02:02:56.000Z,2021-10-28T02:19:56.000Z,2021-10-28T09:33:26.000Z,2021-10-28T09:33:26.000Z,7.500,6.972
29/10/2021,-4,51.0921627,2021-10-29T04:02:15.000Z,2021-10-29T04:48:40.000Z,2021-10-29T10:26:10.000Z,2021-10-29T10:27:10.000Z,6.417,4.833
30/10/2021,-4,89.55135024,2021-10-30T02:17:24.000Z,2021-10-30T02:22:24.000Z,2021-10-30T11:16:24.000Z,2021-10-30T11:17:54.000Z,9.000,8.083
31/10/2021,-4,44.18546619,2021-10-31T05:02:45.000Z,2021-10-31T05:21:45.000Z,2021-10-31T10:32:15.000Z,2021-10-31T10:32:15.000Z,5.500,4.306
01/11/2021,-4,94.55365079,2021-11-01T02:08:52.000Z,2021-11-01T02:21:22.000Z,2021-11-01T10:28:52.000Z,2021-11-01T10:30:52.000Z,8.361,7.861
02/11/2021,-4,66.0214197,2021-11-02T02:02:03.000Z,2021-11-02T02:13:03.000Z,2021-11-02T09:51:33.000Z,2021-11-02T10:05:03.000Z,8.056,6.250
03/11/2021,-4,82.08901482,2021-11-03T04:02:57.000Z,2021-11-03T04:02:57.000Z,2021-11-03T10:49:27.000Z,2021-11-03T11:00:57.000Z,6.972,6.417
04/11/2021,-4,91.425,2021-11-04T02:34:25.000Z,2021-11-04T02:39:55.000Z,2021-11-04T10:31:55.000Z,2021-11-04T10:31:55.000Z,7.972,7.583
05/11/2021,-4,75.51664332,2021-11-05T03:09:29.000Z,2021-11-05T03:14:59.000Z,2021-11-05T09:57:29.000Z,2021-11-05T09:59:29.000Z,6.833,6.194
06/11/2021,-4,89.19007937,2021-11-06T02:33:06.000Z,2021-11-06T02:38:06.000Z,2021-11-06T10:04:06.000Z,2021-11-06T10:13:36.000Z,7.667,7.194
07/11/2021,-5,82.39889123,2021-11-07T02:23:10.000Z,2021-11-07T02:28:10.000Z,2021-11-07T11:07:40.000Z,2021-11-07T11:14:40.000Z,8.861,7.667
08/11/2021,-5,90.40992063,2021-11-08T02:35:28.000Z,2021-11-08T02:40:28.000Z,2021-11-08T10:29:58.000Z,2021-11-08T10:29:58.000Z,7.917,7.528
09/11/2021,-5,75.63033268,2021-11-09T07:20:58.000Z,2021-11-09T07:27:58.000Z,2021-11-09T13:30:58.000Z,2021-11-09T13:36:58.000Z,6.278,5.778
12/11/2021,-5,10,2021-11-12T10:30:00.000Z,2021-11-12T10:30:00.000Z,2021-11-12T11:30:00.000Z,2021-11-12T11:30:00.000Z,1.500,1.500
13/11/2021,-5,97.8050557,2021-11-13T02:40:03.000Z,2021-11-13T02:45:33.000Z,2021-11-13T12:23:33.000Z,2021-11-13T12:43:33.000Z,10.056,9.222
14/11/2021,-5,79.30700819,2021-11-14T03:39:14.000Z,2021-11-14T03:43:14.000Z,2021-11-14T10:34:44.000Z,2021-11-14T10:50:44.000Z,7.194,6.444
15/11/2021,-5,93.62277354,2021-11-15T01:36:34.000Z,2021-11-15T01:39:34.000Z,2021-11-15T11:26:04.000Z,2021-11-15T11:45:04.000Z,10.139,9.222
16/11/2021,-5,71.28569959,2021-11-16T03:12:38.000Z,2021-11-16T03:13:38.000Z,2021-11-16T11:18:38.000Z,2021-11-16T11:36:38.000Z,8.389,6.944
17/11/2021,-5,73.43061391,2021-11-17T03:09:10.000Z,2021-11-17T03:23:40.000Z,2021-11-17T09:31:40.000Z,2021-11-17T09:58:40.000Z,6.833,5.722
18/11/2021,-5,94.81610698,2021-11-18T02:44:20.000Z,2021-11-18T02:47:50.000Z,2021-11-18T11:23:20.000Z,2021-11-18T11:35:20.000Z,8.861,8.222
19/11/2021,-5,84.88023256,2021-11-19T04:18:47.000Z,2021-11-19T04:21:17.000Z,2021-11-19T11:28:47.000Z,2021-11-19T11:33:47.000Z,7.250,6.778
20/11/2021,-5,80.63213602,2021-11-20T05:47:24.000Z,2021-11-20T05:53:24.000Z,2021-11-20T12:33:24.000Z,2021-11-20T12:43:54.000Z,6.944,6.333
21/11/2021,-5,85.03760854,2021-11-21T03:49:28.000Z,2021-11-21T03:59:58.000Z,2021-11-21T12:03:58.000Z,2021-11-21T12:08:28.000Z,8.306,7.417
22/11/2021,-5,95.8281746,2021-11-22T02:19:48.000Z,2021-11-22T02:19:48.000Z,2021-11-22T11:29:18.000Z,2021-11-22T11:35:18.000Z,9.250,8.889
23/11/2021,-5,81.91830357,2021-11-23T03:06:57.000Z,2021-11-23T03:11:57.000Z,2021-11-23T11:38:57.000Z,2021-11-23T11:49:57.000Z,8.722,7.583
24/11/2021,-5,85.01813208,2021-11-24T03:20:26.000Z,2021-11-24T03:20:26.000Z,2021-11-24T11:49:56.000Z,2021-11-24T12:00:56.000Z,8.667,7.611
25/11/2021,-5,82.92452823,2021-11-25T04:15:37.000Z,2021-11-25T04:24:07.000Z,2021-11-25T12:20:07.000Z,2021-11-25T12:38:37.000Z,8.389,7.278
26/11/2021,-5,85.0521652,2021-11-26T03:45:30.000Z,2021-11-26T03:50:00.000Z,2021-11-26T12:20:30.000Z,2021-11-26T12:49:30.000Z,9.056,7.806
27/11/2021,-5,89.9281663,2021-11-27T02:54:09.000Z,2021-11-27T03:03:39.000Z,2021-11-27T10:52:09.000Z,2021-11-27T10:52:09.000Z,7.972,7.500
28/11/2021,-5,80.71803752,2021-11-28T02:31:57.000Z,2021-11-28T02:35:27.000Z,2021-11-28T12:09:27.000Z,2021-11-28T12:26:57.000Z,9.917,8.056
29/11/2021,-5,95.23650794,2021-11-29T02:56:43.000Z,2021-11-29T03:02:43.000Z,2021-11-29T11:43:13.000Z,2021-11-29T11:53:13.000Z,8.944,8.361
30/11/2021,-5,76.87353509,2021-11-30T02:58:15.000Z,2021-11-30T03:54:45.000Z,2021-11-30T11:16:45.000Z,2021-11-30T11:37:45.000Z,8.667,6.806
01/12/2021,-5,85.11527778,2021-12-01T03:24:56.000Z,2021-12-01T03:28:26.000Z,2021-12-01T10:45:56.000Z,2021-12-01T10:45:56.000Z,7.361,6.944
02/12/2021,-5,69.17625289,2021-12-02T03:20:50.000Z,2021-12-02T03:39:50.000Z,2021-12-02T10:36:20.000Z,2021-12-02T10:36:20.000Z,7.250,6.139
03/12/2021,-5,96.30753968,2021-12-03T01:34:26.000Z,2021-12-03T01:39:26.000Z,2021-12-03T10:56:26.000Z,2021-12-03T10:56:26.000Z,9.361,9.056
04/12/2021,-5,86.11061188,2021-12-04T03:10:28.000Z,2021-12-04T03:10:28.000Z,2021-12-04T11:26:28.000Z,2021-12-04T11:36:28.000Z,8.444,7.667
05/12/2021,-5,87.52357246,2021-12-05T03:05:20.000Z,2021-12-05T03:11:20.000Z,2021-12-05T12:04:20.000Z,2021-12-05T12:09:20.000Z,9.056,8.083
06/12/2021,-5,86.79383887,2021-12-06T02:45:57.000Z,2021-12-06T02:52:57.000Z,2021-12-06T10:55:27.000Z,2021-12-06T11:03:27.000Z,8.306,7.500
07/12/2021,-5,93.21794791,2021-12-07T02:27:14.000Z,2021-12-07T02:31:44.000Z,2021-12-07T11:24:44.000Z,2021-12-07T11:24:44.000Z,8.972,7.444
08/12/2021,-5,88.34068276,2021-12-08T02:35:42.000Z,2021-12-08T02:46:42.000Z,2021-12-08T11:43:12.000Z,2021-12-08T11:53:42.000Z,9.306,8.111
09/12/2021,-5,88.77038463,2021-12-09T03:09:37.000Z,2021-12-09T03:19:37.000Z,2021-12-09T10:58:07.000Z,2021-12-09T11:04:07.000Z,7.917,7.250
10/12/2021,-5,88.52956894,2021-12-10T03:08:06.000Z,2021-12-10T03:20:06.000Z,2021-12-10T10:43:36.000Z,2021-12-10T10:45:06.000Z,7.611,7.139
11/12/2021,-5,81.37603867,2021-12-11T03:42:32.000Z,2021-12-11T03:46:32.000Z,2021-12-11T12:24:02.000Z,2021-12-11T12:35:32.000Z,8.889,7.583
12/12/2021,-5,72.97882827,2021-12-12T05:19:39.000Z,2021-12-12T05:26:39.000Z,2021-12-12T12:07:09.000Z,2021-12-12T12:18:09.000Z,6.972,6.056
13/12/2021,-5,81.84722222,2021-12-13T02:45:02.000Z,2021-12-13T02:47:32.000Z,2021-12-13T11:33:02.000Z,2021-12-13T11:38:32.000Z,8.889,7.806
14/12/2021,-5,91.5031746,2021-12-14T03:30:04.000Z,2021-12-14T03:30:04.000Z,2021-12-14T11:30:34.000Z,2021-12-14T11:49:04.000Z,8.306,7.611
15/12/2021,-5,91.19961066,2021-12-15T03:28:11.000Z,2021-12-15T03:40:11.000Z,2021-12-15T11:25:11.000Z,2021-12-15T11:46:11.000Z,8.306,7.472
16/12/2021,-5,88.19356028,2021-12-16T02:53:30.000Z,2021-12-16T02:53:30.000Z,2021-12-16T11:33:00.000Z,2021-12-16T11:42:30.000Z,8.806,7.917
17/12/2021,-5,92.48174603,2021-12-17T03:31:29.000Z,2021-12-17T03:32:59.000Z,2021-12-17T11:40:59.000Z,2021-12-17T11:45:59.000Z,8.250,7.778
18/12/2021,-5,92.44207365,2021-12-18T02:29:29.000Z,2021-12-18T02:33:59.000Z,2021-12-18T11:36:29.000Z,2021-12-18T11:36:29.000Z,9.111,8.389
19/12/2021,-5,82.01533927,2021-12-19T03:37:53.000Z,2021-12-19T03:43:23.000Z,2021-12-19T11:27:23.000Z,2021-12-19T11:27:53.000Z,7.833,6.972
20/12/2021,-5,83.52154655,2021-12-20T02:08:49.000Z,2021-12-20T02:14:49.000Z,2021-12-20T10:46:49.000Z,2021-12-20T11:08:49.000Z,9.000,7.556
21/12/2021,-5,89.55634921,2021-12-21T02:43:14.000Z,2021-12-21T02:47:14.000Z,2021-12-21T10:37:14.000Z,2021-12-21T11:04:44.000Z,8.361,7.528
22/12/2021,-5,86.2702381,2021-12-22T03:44:19.000Z,2021-12-22T03:47:19.000Z,2021-12-22T10:50:49.000Z,2021-12-22T10:56:49.000Z,7.222,6.889
23/12/2021,-5,84.6471564,2021-12-23T04:12:56.000Z,2021-12-23T04:18:26.000Z,2021-12-23T13:00:26.000Z,2021-12-23T13:10:26.000Z,8.972,7.750
25/12/2021,-5,80.96842655,2021-12-25T02:58:03.000Z,2021-12-25T03:07:03.000Z,2021-12-25T11:36:33.000Z,2021-12-25T11:39:03.000Z,8.694,7.472
26/12/2021,-5,90.09898659,2021-12-26T03:46:33.000Z,2021-12-26T03:50:33.000Z,2021-12-26T12:08:33.000Z,2021-12-26T12:11:33.000Z,8.417,7.889
27/12/2021,-5,63.00435321,2021-12-27T04:04:22.000Z,2021-12-27T04:10:52.000Z,2021-12-27T12:50:52.000Z,2021-12-27T13:01:22.000Z,8.944,6.694
28/12/2021,-5,82.60351336,2021-12-28T02:24:49.000Z,2021-12-28T02:31:19.000Z,2021-12-28T10:57:19.000Z,2021-12-28T11:08:19.000Z,8.722,7.444
29/12/2021,-5,88.66254125,2021-12-29T03:39:25.000Z,2021-12-29T03:49:55.000Z,2021-12-29T11:16:25.000Z,2021-12-29T11:19:25.000Z,7.667,7.194
30/12/2021,-5,88.16951716,2021-12-30T02:55:13.000Z,2021-12-30T02:56:43.000Z,2021-12-30T10:52:43.000Z,2021-12-30T11:19:43.000Z,8.417,7.444
31/12/2021,-5,93.90993606,2021-12-31T02:47:20.000Z,2021-12-31T02:54:20.000Z,2021-12-31T11:08:50.000Z,2021-12-31T11:08:50.000Z,8.361,7.917
